ticker,sector,close,signal,confidence,exp_return,price_target,direction,forecast_series
AAPL,Tech,297.96,hold,0.5017,0.1564,298.4261,DOWN,"[{""date"": ""2026-05-14"", ""price"": 297.96, ""upper"": 297.96, ""lower"": 297.96}, {""date"": ""2026-05-15"", ""price"": 299.51, ""upper"": 308.81, ""lower"": 290.22}, {""date"": ""2026-05-16"", ""price"": 299.1, ""upper"": 312.25, ""lower"": 285.95}, {""date"": ""2026-05-18"", ""price"": 301.12, ""upper"": 317.23, ""lower"": 285.02}, {""date"": ""2026-05-19"", ""price"": 305.86, ""upper"": 324.45, ""lower"": 287.27}, {""date"": ""2026-05-21"", ""price"": 305.15, ""upper"": 325.94, ""lower"": 284.36}, {""date"": ""2026-05-22"", ""price"": 304.44, ""upper"": 327.21, ""lower"": 281.67}, {""date"": ""2026-05-23"", ""price"": 309.35, ""upper"": 333.95, ""lower"": 284.75}, {""date"": ""2026-05-25"", ""price"": 311.74, ""upper"": 338.04, ""lower"": 285.45}, {""date"": ""2026-05-26"", ""price"": 310.3, ""upper"": 338.19, ""lower"": 282.41}, {""date"": ""2026-05-28"", ""price"": 312.0, ""upper"": 341.4, ""lower"": 282.6}, {""date"": ""2026-05-29"", ""price"": 310.58, ""upper"": 341.41, ""lower"": 279.75}, {""date"": ""2026-05-30"", ""price"": 309.15, ""upper"": 341.36, ""lower"": 276.95}, {""date"": ""2026-06-01"", ""price"": 309.92, ""upper"": 343.44, ""lower"": 276.4}, {""date"": ""2026-06-02"", ""price"": 304.0, ""upper"": 338.79, ""lower"": 269.22}, {""date"": ""2026-06-04"", ""price"": 298.67, ""upper"": 334.68, ""lower"": 262.67}, {""date"": ""2026-06-05"", ""price"": 296.95, ""upper"": 334.13, ""lower"": 259.76}, {""date"": ""2026-06-06"", ""price"": 293.82, ""upper"": 332.15, ""lower"": 255.49}, {""date"": ""2026-06-08"", ""price"": 294.81, ""upper"": 334.26, ""lower"": 255.37}, {""date"": ""2026-06-09"", ""price"": 292.02, ""upper"": 332.54, ""lower"": 251.49}, {""date"": ""2026-06-11"", ""price"": 287.65, ""upper"": 329.23, ""lower"": 246.08}, {""date"": ""2026-06-12"", ""price"": 292.21, ""upper"": 334.81, ""lower"": 249.61}, {""date"": ""2026-06-13"", ""price"": 291.53, ""upper"": 335.13, ""lower"": 247.92}, {""date"": ""2026-06-15"", ""price"": 291.75, ""upper"": 336.34, ""lower"": 247.17}, {""date"": ""2026-06-16"", ""price"": 287.35, ""upper"": 332.9, ""lower"": 241.81}, {""date"": ""2026-06-18"", ""price"": 285.68, ""upper"": 332.16, ""lower"": 239.2}, {""date"": ""2026-06-19"", ""price"": 286.04, ""upper"": 333.44, ""lower"": 238.64}, {""date"": ""2026-06-20"", ""price"": 282.49, ""upper"": 330.8, ""lower"": 234.18}, {""date"": ""2026-06-22"", ""price"": 283.67, ""upper"": 332.86, ""lower"": 234.48}, {""date"": ""2026-06-23"", ""price"": 281.82, ""upper"": 331.89, ""lower"": 231.76}, {""date"": ""2026-06-25"", ""price"": 280.93, ""upper"": 331.85, ""lower"": 230.02}]"
MSFT,Tech,409.5,hold,0.5145,0.1564,410.1405,UP,"[{""date"": ""2026-05-14"", ""price"": 409.5, ""upper"": 409.5, ""lower"": 409.5}, {""date"": ""2026-05-15"", ""price"": 412.12, ""upper"": 427.83, ""lower"": 396.41}, {""date"": ""2026-05-16"", ""price"": 411.42, ""upper"": 433.63, ""lower"": 389.21}, {""date"": ""2026-05-18"", ""price"": 414.83, ""upper"": 442.04, ""lower"": 387.63}, {""date"": ""2026-05-19"", ""price"": 422.83, ""upper"": 454.24, ""lower"": 391.41}, {""date"": ""2026-05-21"", ""price"": 421.62, ""upper"": 456.74, ""lower"": 386.5}, {""date"": ""2026-05-22"", ""price"": 420.42, ""upper"": 458.89, ""lower"": 381.94}, {""date"": ""2026-05-23"", ""price"": 428.71, ""upper"": 470.26, ""lower"": 387.15}, {""date"": ""2026-05-25"", ""price"": 432.75, ""upper"": 477.17, ""lower"": 388.32}, {""date"": ""2026-05-26"", ""price"": 430.31, ""upper"": 477.43, ""lower"": 383.19}, {""date"": ""2026-05-28"", ""price"": 433.17, ""upper"": 482.84, ""lower"": 383.5}, {""date"": ""2026-05-29"", ""price"": 430.77, ""upper"": 482.86, ""lower"": 378.67}, {""date"": ""2026-05-30"", ""price"": 428.35, ""upper"": 482.76, ""lower"": 373.94}, {""date"": ""2026-06-01"", ""price"": 429.64, ""upper"": 486.27, ""lower"": 373.01}, {""date"": ""2026-06-02"", ""price"": 419.64, ""upper"": 478.41, ""lower"": 360.87}, {""date"": ""2026-06-04"", ""price"": 410.63, ""upper"": 471.47, ""lower"": 349.8}, {""date"": ""2026-06-05"", ""price"": 407.71, ""upper"": 470.54, ""lower"": 344.88}, {""date"": ""2026-06-06"", ""price"": 402.43, ""upper"": 467.19, ""lower"": 337.67}, {""date"": ""2026-06-08"", ""price"": 404.1, ""upper"": 470.73, ""lower"": 337.46}, {""date"": ""2026-06-09"", ""price"": 399.36, ""upper"": 467.83, ""lower"": 330.9}, {""date"": ""2026-06-11"", ""price"": 391.99, ""upper"": 462.23, ""lower"": 321.75}, {""date"": ""2026-06-12"", ""price"": 399.68, ""upper"": 471.66, ""lower"": 327.71}, {""date"": ""2026-06-13"", ""price"": 398.52, ""upper"": 472.2, ""lower"": 324.85}, {""date"": ""2026-06-15"", ""price"": 398.9, ""upper"": 474.23, ""lower"": 323.57}, {""date"": ""2026-06-16"", ""price"": 391.46, ""upper"": 468.41, ""lower"": 314.51}, {""date"": ""2026-06-18"", ""price"": 388.63, ""upper"": 467.17, ""lower"": 310.1}, {""date"": ""2026-06-19"", ""price"": 389.23, ""upper"": 469.32, ""lower"": 309.14}, {""date"": ""2026-06-20"", ""price"": 383.23, ""upper"": 464.85, ""lower"": 301.61}, {""date"": ""2026-06-22"", ""price"": 385.22, ""upper"": 468.33, ""lower"": 302.1}, {""date"": ""2026-06-23"", ""price"": 382.09, ""upper"": 466.68, ""lower"": 297.51}, {""date"": ""2026-06-25"", ""price"": 380.59, ""upper"": 466.62, ""lower"": 294.56}]"
NVDA,Tech,234.09,hold,0.5437,0.1564,234.4562,UP,"[{""date"": ""2026-05-14"", ""price"": 234.09, ""upper"": 234.09, ""lower"": 234.09}, {""date"": ""2026-05-15"", ""price"": 235.89, ""upper"": 246.66, ""lower"": 225.11}, {""date"": ""2026-05-16"", ""price"": 235.4, ""upper"": 250.64, ""lower"": 220.16}, {""date"": ""2026-05-18"", ""price"": 237.74, ""upper"": 256.41, ""lower"": 219.08}, {""date"": ""2026-05-19"", ""price"": 243.22, ""upper"": 264.78, ""lower"": 221.67}, {""date"": ""2026-05-21"", ""price"": 242.39, ""upper"": 266.49, ""lower"": 218.3}, {""date"": ""2026-05-22"", ""price"": 241.57, ""upper"": 267.96, ""lower"": 215.17}, {""date"": ""2026-05-23"", ""price"": 247.25, ""upper"": 275.76, ""lower"": 218.74}, {""date"": ""2026-05-25"", ""price"": 250.02, ""upper"": 280.5, ""lower"": 219.54}, {""date"": ""2026-05-26"", ""price"": 248.35, ""upper"": 280.67, ""lower"": 216.02}, {""date"": ""2026-05-28"", ""price"": 250.31, ""upper"": 284.38, ""lower"": 216.23}, {""date"": ""2026-05-29"", ""price"": 248.65, ""upper"": 284.39, ""lower"": 212.91}, {""date"": ""2026-05-30"", ""price"": 246.99, ""upper"": 284.32, ""lower"": 209.66}, {""date"": ""2026-06-01"", ""price"": 247.87, ""upper"": 286.73, ""lower"": 209.02}, {""date"": ""2026-06-02"", ""price"": 241.01, ""upper"": 281.33, ""lower"": 200.69}, {""date"": ""2026-06-04"", ""price"": 234.83, ""upper"": 276.57, ""lower"": 193.1}, {""date"": ""2026-06-05"", ""price"": 232.82, ""upper"": 275.93, ""lower"": 189.72}, {""date"": ""2026-06-06"", ""price"": 229.2, ""upper"": 273.63, ""lower"": 184.77}, {""date"": ""2026-06-08"", ""price"": 230.34, ""upper"": 276.06, ""lower"": 184.62}, {""date"": ""2026-06-09"", ""price"": 227.09, ""upper"": 274.06, ""lower"": 180.12}, {""date"": ""2026-06-11"", ""price"": 222.03, ""upper"": 270.22, ""lower"": 173.84}, {""date"": ""2026-06-12"", ""price"": 227.3, ""upper"": 276.69, ""lower"": 177.92}, {""date"": ""2026-06-13"", ""price"": 226.51, ""upper"": 277.05, ""lower"": 175.96}, {""date"": ""2026-06-15"", ""price"": 226.76, ""upper"": 278.44, ""lower"": 175.08}, {""date"": ""2026-06-16"", ""price"": 221.66, ""upper"": 274.45, ""lower"": 168.86}, {""date"": ""2026-06-18"", ""price"": 219.71, ""upper"": 273.59, ""lower"": 165.83}, {""date"": ""2026-06-19"", ""price"": 220.12, ""upper"": 275.07, ""lower"": 165.18}, {""date"": ""2026-06-20"", ""price"": 216.0, ""upper"": 271.99, ""lower"": 160.01}, {""date"": ""2026-06-22"", ""price"": 217.36, ""upper"": 274.38, ""lower"": 160.34}, {""date"": ""2026-06-23"", ""price"": 215.22, ""upper"": 273.25, ""lower"": 157.19}, {""date"": ""2026-06-25"", ""price"": 214.18, ""upper"": 273.2, ""lower"": 155.16}]"
AMZN,Consumer,268.375,hold,0.5297,0.1564,268.7948,DOWN,"[{""date"": ""2026-05-14"", ""price"": 268.38, ""upper"": 268.38, ""lower"": 268.38}, {""date"": ""2026-05-15"", ""price"": 270.04, ""upper"": 280.02, ""lower"": 260.06}, {""date"": ""2026-05-16"", ""price"": 269.6, ""upper"": 283.71, ""lower"": 255.48}, {""date"": ""2026-05-18"", ""price"": 271.76, ""upper"": 289.05, ""lower"": 254.48}, {""date"": ""2026-05-19"", ""price"": 276.84, ""upper"": 296.8, ""lower"": 256.89}, {""date"": ""2026-05-21"", ""price"": 276.08, ""upper"": 298.39, ""lower"": 253.77}, {""date"": ""2026-05-22"", ""price"": 275.31, ""upper"": 299.76, ""lower"": 250.87}, {""date"": ""2026-05-23"", ""price"": 280.58, ""upper"": 306.98, ""lower"": 254.18}, {""date"": ""2026-05-25"", ""price"": 283.15, ""upper"": 311.37, ""lower"": 254.92}, {""date"": ""2026-05-26"", ""price"": 281.6, ""upper"": 311.53, ""lower"": 251.66}, {""date"": ""2026-05-28"", ""price"": 283.42, ""upper"": 314.97, ""lower"": 251.86}, {""date"": ""2026-05-29"", ""price"": 281.89, ""upper"": 314.98, ""lower"": 248.8}, {""date"": ""2026-05-30"", ""price"": 280.36, ""upper"": 314.92, ""lower"": 245.79}, {""date"": ""2026-06-01"", ""price"": 281.17, ""upper"": 317.15, ""lower"": 245.2}, {""date"": ""2026-06-02"", ""price"": 274.82, ""upper"": 312.16, ""lower"": 237.49}, {""date"": ""2026-06-04"", ""price"": 269.1, ""upper"": 307.75, ""lower"": 230.46}, {""date"": ""2026-06-05"", ""price"": 267.24, ""upper"": 307.16, ""lower"": 227.33}, {""date"": ""2026-06-06"", ""price"": 263.89, ""upper"": 305.03, ""lower"": 222.75}, {""date"": ""2026-06-08"", ""price"": 264.95, ""upper"": 307.28, ""lower"": 222.61}, {""date"": ""2026-06-09"", ""price"": 261.94, ""upper"": 305.44, ""lower"": 218.45}, {""date"": ""2026-06-11"", ""price"": 257.26, ""upper"": 301.88, ""lower"": 212.64}, {""date"": ""2026-06-12"", ""price"": 262.15, ""upper"": 307.88, ""lower"": 216.42}, {""date"": ""2026-06-13"", ""price"": 261.41, ""upper"": 308.21, ""lower"": 214.61}, {""date"": ""2026-06-15"", ""price"": 261.65, ""upper"": 309.5, ""lower"": 213.8}, {""date"": ""2026-06-16"", ""price"": 256.93, ""upper"": 305.81, ""lower"": 208.04}, {""date"": ""2026-06-18"", ""price"": 255.13, ""upper"": 305.02, ""lower"": 205.24}, {""date"": ""2026-06-19"", ""price"": 255.51, ""upper"": 306.39, ""lower"": 204.63}, {""date"": ""2026-06-20"", ""price"": 251.7, ""upper"": 303.55, ""lower"": 199.85}, {""date"": ""2026-06-22"", ""price"": 252.96, ""upper"": 305.76, ""lower"": 200.16}, {""date"": ""2026-06-23"", ""price"": 250.98, ""upper"": 304.71, ""lower"": 197.24}, {""date"": ""2026-06-25"", ""price"": 250.02, ""upper"": 304.67, ""lower"": 195.37}]"
TSLA,Consumer,444.525,hold,0.5136,0.1564,445.2203,UP,"[{""date"": ""2026-05-14"", ""price"": 444.52, ""upper"": 444.52, ""lower"": 444.52}, {""date"": ""2026-05-15"", ""price"": 448.74, ""upper"": 474.03, ""lower"": 423.44}, {""date"": ""2026-05-16"", ""price"": 447.59, ""upper"": 483.36, ""lower"": 411.83}, {""date"": ""2026-05-18"", ""price"": 453.08, ""upper"": 496.88, ""lower"": 409.27}, {""date"": ""2026-05-19"", ""price"": 465.94, ""upper"": 516.52, ""lower"": 415.36}, {""date"": ""2026-05-21"", ""price"": 463.99, ""upper"": 520.54, ""lower"": 407.44}, {""date"": ""2026-05-22"", ""price"": 462.04, ""upper"": 523.99, ""lower"": 400.09}, {""date"": ""2026-05-23"", ""price"": 475.37, ""upper"": 542.29, ""lower"": 408.46}, {""date"": ""2026-05-25"", ""price"": 481.87, ""upper"": 553.4, ""lower"": 410.33}, {""date"": ""2026-05-26"", ""price"": 477.93, ""upper"": 553.81, ""lower"": 402.06}, {""date"": ""2026-05-28"", ""price"": 482.53, ""upper"": 562.51, ""lower"": 402.55}, {""date"": ""2026-05-29"", ""price"": 478.65, ""upper"": 562.53, ""lower"": 394.76}, {""date"": ""2026-05-30"", ""price"": 474.74, ""upper"": 562.36, ""lower"": 387.13}, {""date"": ""2026-06-01"", ""price"": 476.81, ""upper"": 568.0, ""lower"": 385.62}, {""date"": ""2026-06-02"", ""price"": 460.7, ""upper"": 555.33, ""lower"": 366.07}, {""date"": ""2026-06-04"", ""price"": 446.18, ""upper"": 544.13, ""lower"": 348.23}, {""date"": ""2026-06-05"", ""price"": 441.46, ""upper"": 542.63, ""lower"": 340.3}, {""date"": ""2026-06-06"", ""price"": 432.95, ""upper"": 537.23, ""lower"": 328.67}, {""date"": ""2026-06-08"", ""price"": 435.62, ""upper"": 542.92, ""lower"": 328.32}, {""date"": ""2026-06-09"", ""price"": 427.99, ""upper"": 538.23, ""lower"": 317.75}, {""date"": ""2026-06-11"", ""price"": 416.11, ""upper"": 529.21, ""lower"": 303.0}, {""date"": ""2026-06-12"", ""price"": 428.49, ""upper"": 544.38, ""lower"": 312.59}, {""date"": ""2026-06-13"", ""price"": 426.61, ""upper"": 545.23, ""lower"": 307.98}, {""date"": ""2026-06-15"", ""price"": 427.2, ""upper"": 548.49, ""lower"": 305.9}, {""date"": ""2026-06-16"", ""price"": 415.21, ""upper"": 539.11, ""lower"": 291.31}, {""date"": ""2026-06-18"", ""price"": 410.64, ""upper"": 537.1, ""lower"": 284.19}, {""date"": ""2026-06-19"", ""price"": 411.6, ""upper"": 540.56, ""lower"": 282.64}, {""date"": ""2026-06-20"", ""price"": 401.92, ""upper"": 533.34, ""lower"": 270.5}, {""date"": ""2026-06-22"", ""price"": 405.11, ""upper"": 538.94, ""lower"": 271.28}, {""date"": ""2026-06-23"", ""price"": 400.07, ""upper"": 536.27, ""lower"": 263.87}, {""date"": ""2026-06-25"", ""price"": 397.64, ""upper"": 536.16, ""lower"": 259.11}]"
GOOGL,Tech,401.15,hold,0.5231,0.1564,401.7775,UP,"[{""date"": ""2026-05-14"", ""price"": 401.15, ""upper"": 401.15, ""lower"": 401.15}, {""date"": ""2026-05-15"", ""price"": 403.62, ""upper"": 418.39, ""lower"": 388.84}, {""date"": ""2026-05-16"", ""price"": 402.96, ""upper"": 423.85, ""lower"": 382.06}, {""date"": ""2026-05-18"", ""price"": 406.17, ""upper"": 431.76, ""lower"": 380.58}, {""date"": ""2026-05-19"", ""price"": 413.69, ""upper"": 443.24, ""lower"": 384.14}, {""date"": ""2026-05-21"", ""price"": 412.56, ""upper"": 445.59, ""lower"": 379.52}, {""date"": ""2026-05-22"", ""price"": 411.42, ""upper"": 447.61, ""lower"": 375.24}, {""date"": ""2026-05-23"", ""price"": 419.22, ""upper"": 458.31, ""lower"": 380.14}, {""date"": ""2026-05-25"", ""price"": 423.02, ""upper"": 464.81, ""lower"": 381.24}, {""date"": ""2026-05-26"", ""price"": 420.73, ""upper"": 465.05, ""lower"": 376.41}, {""date"": ""2026-05-28"", ""price"": 423.42, ""upper"": 470.14, ""lower"": 376.71}, {""date"": ""2026-05-29"", ""price"": 421.16, ""upper"": 470.16, ""lower"": 372.16}, {""date"": ""2026-05-30"", ""price"": 418.89, ""upper"": 470.07, ""lower"": 367.71}, {""date"": ""2026-06-01"", ""price"": 420.1, ""upper"": 473.37, ""lower"": 366.84}, {""date"": ""2026-06-02"", ""price"": 410.7, ""upper"": 465.98, ""lower"": 355.42}, {""date"": ""2026-06-04"", ""price"": 402.23, ""upper"": 459.45, ""lower"": 345.01}, {""date"": ""2026-06-05"", ""price"": 399.48, ""upper"": 458.57, ""lower"": 340.39}, {""date"": ""2026-06-06"", ""price"": 394.51, ""upper"": 455.43, ""lower"": 333.6}, {""date"": ""2026-06-08"", ""price"": 396.08, ""upper"": 458.76, ""lower"": 333.4}, {""date"": ""2026-06-09"", ""price"": 391.63, ""upper"": 456.03, ""lower"": 327.24}, {""date"": ""2026-06-11"", ""price"": 384.7, ""upper"": 450.77, ""lower"": 318.63}, {""date"": ""2026-06-12"", ""price"": 391.94, ""upper"": 459.64, ""lower"": 324.24}, {""date"": ""2026-06-13"", ""price"": 390.84, ""upper"": 460.14, ""lower"": 321.55}, {""date"": ""2026-06-15"", ""price"": 391.2, ""upper"": 462.05, ""lower"": 320.35}, {""date"": ""2026-06-16"", ""price"": 384.2, ""upper"": 456.58, ""lower"": 311.83}, {""date"": ""2026-06-18"", ""price"": 381.54, ""upper"": 455.41, ""lower"": 307.68}, {""date"": ""2026-06-19"", ""price"": 382.11, ""upper"": 457.44, ""lower"": 306.78}, {""date"": ""2026-06-20"", ""price"": 376.46, ""upper"": 453.23, ""lower"": 299.7}, {""date"": ""2026-06-22"", ""price"": 378.33, ""upper"": 456.51, ""lower"": 300.16}, {""date"": ""2026-06-23"", ""price"": 375.4, ""upper"": 454.95, ""lower"": 295.84}, {""date"": ""2026-06-25"", ""price"": 373.98, ""upper"": 454.9, ""lower"": 293.06}]"
META,Tech,618.0411,hold,0.5143,0.1564,619.0078,DOWN,"[{""date"": ""2026-05-14"", ""price"": 618.04, ""upper"": 618.04, ""lower"": 618.04}, {""date"": ""2026-05-15"", ""price"": 622.41, ""upper"": 648.59, ""lower"": 596.23}, {""date"": ""2026-05-16"", ""price"": 621.23, ""upper"": 658.26, ""lower"": 584.21}, {""date"": ""2026-05-18"", ""price"": 626.92, ""upper"": 672.26, ""lower"": 581.57}, {""date"": ""2026-05-19"", ""price"": 640.24, ""upper"": 692.6, ""lower"": 587.88}, {""date"": ""2026-05-21"", ""price"": 638.23, ""upper"": 696.77, ""lower"": 579.69}, {""date"": ""2026-05-22"", ""price"": 636.22, ""upper"": 700.35, ""lower"": 572.09}, {""date"": ""2026-05-23"", ""price"": 650.03, ""upper"": 719.3, ""lower"": 580.77}, {""date"": ""2026-05-25"", ""price"": 656.76, ""upper"": 730.81, ""lower"": 582.71}, {""date"": ""2026-05-26"", ""price"": 652.7, ""upper"": 731.24, ""lower"": 574.16}, {""date"": ""2026-05-28"", ""price"": 657.46, ""upper"": 740.25, ""lower"": 574.68}, {""date"": ""2026-05-29"", ""price"": 653.45, ""upper"": 740.28, ""lower"": 566.62}, {""date"": ""2026-05-30"", ""price"": 649.42, ""upper"": 740.11, ""lower"": 558.73}, {""date"": ""2026-06-01"", ""price"": 651.56, ""upper"": 745.96, ""lower"": 557.17}, {""date"": ""2026-06-02"", ""price"": 634.9, ""upper"": 732.86, ""lower"": 536.94}, {""date"": ""2026-06-04"", ""price"": 619.88, ""upper"": 721.27, ""lower"": 518.49}, {""date"": ""2026-06-05"", ""price"": 615.0, ""upper"": 719.72, ""lower"": 510.29}, {""date"": ""2026-06-06"", ""price"": 606.2, ""upper"": 714.14, ""lower"": 498.26}, {""date"": ""2026-06-08"", ""price"": 608.97, ""upper"": 720.04, ""lower"": 497.9}, {""date"": ""2026-06-09"", ""price"": 601.08, ""upper"": 715.2, ""lower"": 486.97}, {""date"": ""2026-06-11"", ""price"": 588.79, ""upper"": 705.87, ""lower"": 471.71}, {""date"": ""2026-06-12"", ""price"": 601.61, ""upper"": 721.58, ""lower"": 481.64}, {""date"": ""2026-06-13"", ""price"": 599.67, ""upper"": 722.47, ""lower"": 476.88}, {""date"": ""2026-06-15"", ""price"": 600.29, ""upper"": 725.85, ""lower"": 474.74}, {""date"": ""2026-06-16"", ""price"": 587.89, ""upper"": 716.15, ""lower"": 459.64}, {""date"": ""2026-06-18"", ""price"": 583.18, ""upper"": 714.07, ""lower"": 452.28}, {""date"": ""2026-06-19"", ""price"": 584.18, ""upper"": 717.67, ""lower"": 450.68}, {""date"": ""2026-06-20"", ""price"": 574.16, ""upper"": 710.2, ""lower"": 438.13}, {""date"": ""2026-06-22"", ""price"": 577.47, ""upper"": 716.0, ""lower"": 438.94}, {""date"": ""2026-06-23"", ""price"": 572.26, ""upper"": 713.25, ""lower"": 431.28}, {""date"": ""2026-06-25"", ""price"": 569.75, ""upper"": 713.14, ""lower"": 426.36}]"
JPM,Financial,300.87,hold,0.5251,0.1564,301.3406,UP,"[{""date"": ""2026-05-14"", ""price"": 300.87, ""upper"": 300.87, ""lower"": 300.87}, {""date"": ""2026-05-15"", ""price"": 302.46, ""upper"": 311.99, ""lower"": 292.94}, {""date"": ""2026-05-16"", ""price"": 302.04, ""upper"": 315.51, ""lower"": 288.57}, {""date"": ""2026-05-18"", ""price"": 304.11, ""upper"": 320.61, ""lower"": 287.61}, {""date"": ""2026-05-19"", ""price"": 308.96, ""upper"": 328.01, ""lower"": 289.91}, {""date"": ""2026-05-21"", ""price"": 308.23, ""upper"": 329.53, ""lower"": 286.94}, {""date"": ""2026-05-22"", ""price"": 307.51, ""upper"": 330.84, ""lower"": 284.18}, {""date"": ""2026-05-23"", ""price"": 312.54, ""upper"": 337.74, ""lower"": 287.34}, {""date"": ""2026-05-25"", ""price"": 314.99, ""upper"": 341.93, ""lower"": 288.05}, {""date"": ""2026-05-26"", ""price"": 313.51, ""upper"": 342.09, ""lower"": 284.94}, {""date"": ""2026-05-28"", ""price"": 315.25, ""upper"": 345.37, ""lower"": 285.13}, {""date"": ""2026-05-29"", ""price"": 313.8, ""upper"": 345.38, ""lower"": 282.21}, {""date"": ""2026-05-30"", ""price"": 312.33, ""upper"": 345.33, ""lower"": 279.34}, {""date"": ""2026-06-01"", ""price"": 313.12, ""upper"": 347.46, ""lower"": 278.78}, {""date"": ""2026-06-02"", ""price"": 307.06, ""upper"": 342.7, ""lower"": 271.42}, {""date"": ""2026-06-04"", ""price"": 301.6, ""upper"": 338.49, ""lower"": 264.71}, {""date"": ""2026-06-05"", ""price"": 299.83, ""upper"": 337.93, ""lower"": 261.73}, {""date"": ""2026-06-06"", ""price"": 296.63, ""upper"": 335.9, ""lower"": 257.36}, {""date"": ""2026-06-08"", ""price"": 297.64, ""upper"": 338.05, ""lower"": 257.23}, {""date"": ""2026-06-09"", ""price"": 294.78, ""upper"": 336.29, ""lower"": 253.26}, {""date"": ""2026-06-11"", ""price"": 290.31, ""upper"": 332.9, ""lower"": 247.71}, {""date"": ""2026-06-12"", ""price"": 294.98, ""upper"": 338.62, ""lower"": 251.33}, {""date"": ""2026-06-13"", ""price"": 294.27, ""upper"": 338.95, ""lower"": 249.6}, {""date"": ""2026-06-15"", ""price"": 294.5, ""upper"": 340.18, ""lower"": 248.83}, {""date"": ""2026-06-16"", ""price"": 290.0, ""upper"": 336.66, ""lower"": 243.34}, {""date"": ""2026-06-18"", ""price"": 288.28, ""upper"": 335.91, ""lower"": 240.66}, {""date"": ""2026-06-19"", ""price"": 288.65, ""upper"": 337.22, ""lower"": 240.09}, {""date"": ""2026-06-20"", ""price"": 285.01, ""upper"": 334.5, ""lower"": 235.52}, {""date"": ""2026-06-22"", ""price"": 286.22, ""upper"": 336.62, ""lower"": 235.82}, {""date"": ""2026-06-23"", ""price"": 284.33, ""upper"": 335.62, ""lower"": 233.04}, {""date"": ""2026-06-25"", ""price"": 283.42, ""upper"": 335.59, ""lower"": 231.25}]"
ABBV,Healthcare,210.86,hold,0.5101,0.1564,211.1898,UP,"[{""date"": ""2026-05-14"", ""price"": 210.86, ""upper"": 210.86, ""lower"": 210.86}, {""date"": ""2026-05-15"", ""price"": 212.21, ""upper"": 220.3, ""lower"": 204.12}, {""date"": ""2026-05-16"", ""price"": 211.85, ""upper"": 223.29, ""lower"": 200.41}, {""date"": ""2026-05-18"", ""price"": 213.61, ""upper"": 227.62, ""lower"": 199.6}, {""date"": ""2026-05-19"", ""price"": 217.72, ""upper"": 233.9, ""lower"": 201.55}, {""date"": ""2026-05-21"", ""price"": 217.1, ""upper"": 235.19, ""lower"": 199.02}, {""date"": ""2026-05-22"", ""price"": 216.48, ""upper"": 236.29, ""lower"": 196.67}, {""date"": ""2026-05-23"", ""price"": 220.75, ""upper"": 242.15, ""lower"": 199.35}, {""date"": ""2026-05-25"", ""price"": 222.83, ""upper"": 245.71, ""lower"": 199.95}, {""date"": ""2026-05-26"", ""price"": 221.58, ""upper"": 245.84, ""lower"": 197.31}, {""date"": ""2026-05-28"", ""price"": 223.05, ""upper"": 248.63, ""lower"": 197.47}, {""date"": ""2026-05-29"", ""price"": 221.81, ""upper"": 248.64, ""lower"": 194.99}, {""date"": ""2026-05-30"", ""price"": 220.57, ""upper"": 248.59, ""lower"": 192.55}, {""date"": ""2026-06-01"", ""price"": 221.23, ""upper"": 250.39, ""lower"": 192.07}, {""date"": ""2026-06-02"", ""price"": 216.08, ""upper"": 246.35, ""lower"": 185.82}, {""date"": ""2026-06-04"", ""price"": 211.44, ""upper"": 242.77, ""lower"": 180.12}, {""date"": ""2026-06-05"", ""price"": 209.94, ""upper"": 242.29, ""lower"": 177.58}, {""date"": ""2026-06-06"", ""price"": 207.22, ""upper"": 240.57, ""lower"": 173.87}, {""date"": ""2026-06-08"", ""price"": 208.08, ""upper"": 242.39, ""lower"": 173.76}, {""date"": ""2026-06-09"", ""price"": 205.64, ""upper"": 240.9, ""lower"": 170.38}, {""date"": ""2026-06-11"", ""price"": 201.84, ""upper"": 238.02, ""lower"": 165.67}, {""date"": ""2026-06-12"", ""price"": 205.81, ""upper"": 242.87, ""lower"": 168.74}, {""date"": ""2026-06-13"", ""price"": 205.21, ""upper"": 243.15, ""lower"": 167.27}, {""date"": ""2026-06-15"", ""price"": 205.4, ""upper"": 244.19, ""lower"": 166.61}, {""date"": ""2026-06-16"", ""price"": 201.57, ""upper"": 241.2, ""lower"": 161.95}, {""date"": ""2026-06-18"", ""price"": 200.11, ""upper"": 240.56, ""lower"": 159.67}, {""date"": ""2026-06-19"", ""price"": 200.42, ""upper"": 241.67, ""lower"": 159.18}, {""date"": ""2026-06-20"", ""price"": 197.33, ""upper"": 239.36, ""lower"": 155.3}, {""date"": ""2026-06-22"", ""price"": 198.36, ""upper"": 241.16, ""lower"": 155.56}, {""date"": ""2026-06-23"", ""price"": 196.75, ""upper"": 240.3, ""lower"": 153.19}, {""date"": ""2026-06-25"", ""price"": 195.97, ""upper"": 240.27, ""lower"": 151.67}]"
CVX,Energy,186.33,hold,0.5161,0.1564,186.6215,UP,"[{""date"": ""2026-05-14"", ""price"": 186.33, ""upper"": 186.33, ""lower"": 186.33}, {""date"": ""2026-05-15"", ""price"": 187.44, ""upper"": 194.07, ""lower"": 180.81}, {""date"": ""2026-05-16"", ""price"": 187.14, ""upper"": 196.52, ""lower"": 177.76}, {""date"": ""2026-05-18"", ""price"": 188.58, ""upper"": 200.07, ""lower"": 177.1}, {""date"": ""2026-05-19"", ""price"": 191.96, ""upper"": 205.22, ""lower"": 178.7}, {""date"": ""2026-05-21"", ""price"": 191.45, ""upper"": 206.28, ""lower"": 176.62}, {""date"": ""2026-05-22"", ""price"": 190.94, ""upper"": 207.19, ""lower"": 174.7}, {""date"": ""2026-05-23"", ""price"": 194.44, ""upper"": 211.99, ""lower"": 176.9}, {""date"": ""2026-05-25"", ""price"": 196.15, ""upper"": 214.91, ""lower"": 177.39}, {""date"": ""2026-05-26"", ""price"": 195.12, ""upper"": 215.02, ""lower"": 175.23}, {""date"": ""2026-05-28"", ""price"": 196.33, ""upper"": 217.3, ""lower"": 175.36}, {""date"": ""2026-05-29"", ""price"": 195.32, ""upper"": 217.31, ""lower"": 173.32}, {""date"": ""2026-05-30"", ""price"": 194.3, ""upper"": 217.27, ""lower"": 171.33}, {""date"": ""2026-06-01"", ""price"": 194.84, ""upper"": 218.75, ""lower"": 170.93}, {""date"": ""2026-06-02"", ""price"": 190.62, ""upper"": 215.43, ""lower"": 165.81}, {""date"": ""2026-06-04"", ""price"": 186.82, ""upper"": 212.5, ""lower"": 161.14}, {""date"": ""2026-06-05"", ""price"": 185.59, ""upper"": 212.11, ""lower"": 159.06}, {""date"": ""2026-06-06"", ""price"": 183.36, ""upper"": 210.7, ""lower"": 156.02}, {""date"": ""2026-06-08"", ""price"": 184.06, ""upper"": 212.19, ""lower"": 155.93}, {""date"": ""2026-06-09"", ""price"": 182.06, ""upper"": 210.97, ""lower"": 153.16}, {""date"": ""2026-06-11"", ""price"": 178.95, ""upper"": 208.61, ""lower"": 149.3}, {""date"": ""2026-06-12"", ""price"": 182.2, ""upper"": 212.59, ""lower"": 151.81}, {""date"": ""2026-06-13"", ""price"": 181.71, ""upper"": 212.81, ""lower"": 150.61}, {""date"": ""2026-06-15"", ""price"": 181.87, ""upper"": 213.67, ""lower"": 150.07}, {""date"": ""2026-06-16"", ""price"": 178.73, ""upper"": 211.22, ""lower"": 146.25}, {""date"": ""2026-06-18"", ""price"": 177.54, ""upper"": 210.69, ""lower"": 144.38}, {""date"": ""2026-06-19"", ""price"": 177.79, ""upper"": 211.6, ""lower"": 143.98}, {""date"": ""2026-06-20"", ""price"": 175.26, ""upper"": 209.71, ""lower"": 140.8}, {""date"": ""2026-06-22"", ""price"": 176.1, ""upper"": 211.19, ""lower"": 141.01}, {""date"": ""2026-06-23"", ""price"": 174.78, ""upper"": 210.49, ""lower"": 139.07}, {""date"": ""2026-06-25"", ""price"": 174.15, ""upper"": 210.47, ""lower"": 137.83}]"
HD,Consumer,303.43,hold,0.5726,0.1564,303.9046,UP,"[{""date"": ""2026-05-14"", ""price"": 303.43, ""upper"": 303.43, ""lower"": 303.43}, {""date"": ""2026-05-15"", ""price"": 305.42, ""upper"": 317.32, ""lower"": 293.52}, {""date"": ""2026-05-16"", ""price"": 304.88, ""upper"": 321.71, ""lower"": 288.06}, {""date"": ""2026-05-18"", ""price"": 307.47, ""upper"": 328.08, ""lower"": 286.86}, {""date"": ""2026-05-19"", ""price"": 313.52, ""upper"": 337.32, ""lower"": 289.73}, {""date"": ""2026-05-21"", ""price"": 312.61, ""upper"": 339.22, ""lower"": 286.0}, {""date"": ""2026-05-22"", ""price"": 311.7, ""upper"": 340.85, ""lower"": 282.55}, {""date"": ""2026-05-23"", ""price"": 317.98, ""upper"": 349.46, ""lower"": 286.5}, {""date"": ""2026-05-25"", ""price"": 321.04, ""upper"": 354.69, ""lower"": 287.38}, {""date"": ""2026-05-26"", ""price"": 319.19, ""upper"": 354.89, ""lower"": 283.49}, {""date"": ""2026-05-28"", ""price"": 321.36, ""upper"": 358.99, ""lower"": 283.73}, {""date"": ""2026-05-29"", ""price"": 319.54, ""upper"": 359.0, ""lower"": 280.07}, {""date"": ""2026-05-30"", ""price"": 317.71, ""upper"": 358.93, ""lower"": 276.49}, {""date"": ""2026-06-01"", ""price"": 318.68, ""upper"": 361.58, ""lower"": 275.78}, {""date"": ""2026-06-02"", ""price"": 311.11, ""upper"": 355.63, ""lower"": 266.59}, {""date"": ""2026-06-04"", ""price"": 304.28, ""upper"": 350.37, ""lower"": 258.2}, {""date"": ""2026-06-05"", ""price"": 302.07, ""upper"": 349.67, ""lower"": 254.47}, {""date"": ""2026-06-06"", ""price"": 298.07, ""upper"": 347.13, ""lower"": 249.01}, {""date"": ""2026-06-08"", ""price"": 299.33, ""upper"": 349.81, ""lower"": 248.85}, {""date"": ""2026-06-09"", ""price"": 295.74, ""upper"": 347.61, ""lower"": 243.88}, {""date"": ""2026-06-11"", ""price"": 290.16, ""upper"": 343.37, ""lower"": 236.94}, {""date"": ""2026-06-12"", ""price"": 295.99, ""upper"": 350.52, ""lower"": 241.46}, {""date"": ""2026-06-13"", ""price"": 295.11, ""upper"": 350.92, ""lower"": 239.3}, {""date"": ""2026-06-15"", ""price"": 295.39, ""upper"": 352.46, ""lower"": 238.32}, {""date"": ""2026-06-16"", ""price"": 289.76, ""upper"": 348.05, ""lower"": 231.46}, {""date"": ""2026-06-18"", ""price"": 287.61, ""upper"": 347.11, ""lower"": 228.12}, {""date"": ""2026-06-19"", ""price"": 288.07, ""upper"": 348.74, ""lower"": 227.39}, {""date"": ""2026-06-20"", ""price"": 283.52, ""upper"": 345.35, ""lower"": 221.69}, {""date"": ""2026-06-22"", ""price"": 285.02, ""upper"": 347.99, ""lower"": 222.06}, {""date"": ""2026-06-23"", ""price"": 282.66, ""upper"": 346.74, ""lower"": 218.58}, {""date"": ""2026-06-25"", ""price"": 281.52, ""upper"": 346.69, ""lower"": 216.34}]"
JNJ,Healthcare,229.73,hold,0.5061,0.1564,230.0893,UP,"[{""date"": ""2026-05-14"", ""price"": 229.73, ""upper"": 229.73, ""lower"": 229.73}, {""date"": ""2026-05-15"", ""price"": 230.77, ""upper"": 237.0, ""lower"": 224.54}, {""date"": ""2026-05-16"", ""price"": 230.5, ""upper"": 239.31, ""lower"": 221.69}, {""date"": ""2026-05-18"", ""price"": 231.86, ""upper"": 242.65, ""lower"": 221.07}, {""date"": ""2026-05-19"", ""price"": 235.03, ""upper"": 247.49, ""lower"": 222.57}, {""date"": ""2026-05-21"", ""price"": 234.56, ""upper"": 248.49, ""lower"": 220.63}, {""date"": ""2026-05-22"", ""price"": 234.08, ""upper"": 249.34, ""lower"": 218.82}, {""date"": ""2026-05-23"", ""price"": 237.37, ""upper"": 253.85, ""lower"": 220.89}, {""date"": ""2026-05-25"", ""price"": 238.98, ""upper"": 256.6, ""lower"": 221.36}, {""date"": ""2026-05-26"", ""price"": 238.02, ""upper"": 256.7, ""lower"": 219.33}, {""date"": ""2026-05-28"", ""price"": 239.15, ""upper"": 258.85, ""lower"": 219.45}, {""date"": ""2026-05-29"", ""price"": 238.2, ""upper"": 258.86, ""lower"": 217.54}, {""date"": ""2026-05-30"", ""price"": 237.25, ""upper"": 258.83, ""lower"": 215.67}, {""date"": ""2026-06-01"", ""price"": 237.76, ""upper"": 260.22, ""lower"": 215.3}, {""date"": ""2026-06-02"", ""price"": 233.8, ""upper"": 257.11, ""lower"": 210.49}, {""date"": ""2026-06-04"", ""price"": 230.23, ""upper"": 254.36, ""lower"": 206.11}, {""date"": ""2026-06-05"", ""price"": 229.08, ""upper"": 253.99, ""lower"": 204.16}, {""date"": ""2026-06-06"", ""price"": 226.99, ""upper"": 252.67, ""lower"": 201.3}, {""date"": ""2026-06-08"", ""price"": 227.65, ""upper"": 254.08, ""lower"": 201.22}, {""date"": ""2026-06-09"", ""price"": 225.78, ""upper"": 252.93, ""lower"": 198.62}, {""date"": ""2026-06-11"", ""price"": 222.86, ""upper"": 250.71, ""lower"": 195.0}, {""date"": ""2026-06-12"", ""price"": 225.91, ""upper"": 254.46, ""lower"": 197.36}, {""date"": ""2026-06-13"", ""price"": 225.45, ""upper"": 254.67, ""lower"": 196.23}, {""date"": ""2026-06-15"", ""price"": 225.61, ""upper"": 255.48, ""lower"": 195.73}, {""date"": ""2026-06-16"", ""price"": 222.66, ""upper"": 253.18, ""lower"": 192.14}, {""date"": ""2026-06-18"", ""price"": 221.54, ""upper"": 252.69, ""lower"": 190.39}, {""date"": ""2026-06-19"", ""price"": 221.78, ""upper"": 253.55, ""lower"": 190.02}, {""date"": ""2026-06-20"", ""price"": 219.41, ""upper"": 251.78, ""lower"": 187.04}, {""date"": ""2026-06-22"", ""price"": 220.2, ""upper"": 253.16, ""lower"": 187.23}, {""date"": ""2026-06-23"", ""price"": 218.96, ""upper"": 252.51, ""lower"": 185.42}, {""date"": ""2026-06-25"", ""price"": 218.37, ""upper"": 252.49, ""lower"": 184.25}]"
KO,Staples,80.66,hold,0.5102,0.1564,80.7862,UP,"[{""date"": ""2026-05-14"", ""price"": 80.66, ""upper"": 80.66, ""lower"": 80.66}, {""date"": ""2026-05-15"", ""price"": 80.99, ""upper"": 82.94, ""lower"": 79.04}, {""date"": ""2026-05-16"", ""price"": 80.9, ""upper"": 83.66, ""lower"": 78.15}, {""date"": ""2026-05-18"", ""price"": 81.33, ""upper"": 84.7, ""lower"": 77.95}, {""date"": ""2026-05-19"", ""price"": 82.32, ""upper"": 86.22, ""lower"": 78.42}, {""date"": ""2026-05-21"", ""price"": 82.17, ""upper"": 86.53, ""lower"": 77.81}, {""date"": ""2026-05-22"", ""price"": 82.02, ""upper"": 86.8, ""lower"": 77.25}, {""date"": ""2026-05-23"", ""price"": 83.05, ""upper"": 88.21, ""lower"": 77.9}, {""date"": ""2026-05-25"", ""price"": 83.56, ""upper"": 89.07, ""lower"": 78.04}, {""date"": ""2026-05-26"", ""price"": 83.26, ""upper"": 89.1, ""lower"": 77.41}, {""date"": ""2026-05-28"", ""price"": 83.61, ""upper"": 89.78, ""lower"": 77.45}, {""date"": ""2026-05-29"", ""price"": 83.32, ""upper"": 89.78, ""lower"": 76.85}, {""date"": ""2026-05-30"", ""price"": 83.02, ""upper"": 89.77, ""lower"": 76.27}, {""date"": ""2026-06-01"", ""price"": 83.18, ""upper"": 90.21, ""lower"": 76.15}, {""date"": ""2026-06-02"", ""price"": 81.94, ""upper"": 89.23, ""lower"": 74.65}, {""date"": ""2026-06-04"", ""price"": 80.82, ""upper"": 88.37, ""lower"": 73.28}, {""date"": ""2026-06-05"", ""price"": 80.46, ""upper"": 88.26, ""lower"": 72.67}, {""date"": ""2026-06-06"", ""price"": 79.81, ""upper"": 87.84, ""lower"": 71.77}, {""date"": ""2026-06-08"", ""price"": 80.02, ""upper"": 88.29, ""lower"": 71.75}, {""date"": ""2026-06-09"", ""price"": 79.43, ""upper"": 87.93, ""lower"": 70.94}, {""date"": ""2026-06-11"", ""price"": 78.52, ""upper"": 87.23, ""lower"": 69.8}, {""date"": ""2026-06-12"", ""price"": 79.47, ""upper"": 88.41, ""lower"": 70.54}, {""date"": ""2026-06-13"", ""price"": 79.33, ""upper"": 88.47, ""lower"": 70.19}, {""date"": ""2026-06-15"", ""price"": 79.38, ""upper"": 88.73, ""lower"": 70.03}, {""date"": ""2026-06-16"", ""price"": 78.46, ""upper"": 88.01, ""lower"": 68.91}, {""date"": ""2026-06-18"", ""price"": 78.11, ""upper"": 87.85, ""lower"": 68.37}, {""date"": ""2026-06-19"", ""price"": 78.19, ""upper"": 88.12, ""lower"": 68.25}, {""date"": ""2026-06-20"", ""price"": 77.44, ""upper"": 87.57, ""lower"": 67.32}, {""date"": ""2026-06-22"", ""price"": 77.69, ""upper"": 88.0, ""lower"": 67.38}, {""date"": ""2026-06-23"", ""price"": 77.3, ""upper"": 87.8, ""lower"": 66.81}, {""date"": ""2026-06-25"", ""price"": 77.12, ""upper"": 87.79, ""lower"": 66.45}]"
MA,Financial,489.245,hold,0.5048,0.1564,490.0103,UP,"[{""date"": ""2026-05-14"", ""price"": 489.24, ""upper"": 489.24, ""lower"": 489.24}, {""date"": ""2026-05-15"", ""price"": 492.08, ""upper"": 509.05, ""lower"": 475.11}, {""date"": ""2026-05-16"", ""price"": 491.32, ""upper"": 515.33, ""lower"": 467.32}, {""date"": ""2026-05-18"", ""price"": 495.01, ""upper"": 524.41, ""lower"": 465.62}, {""date"": ""2026-05-19"", ""price"": 503.66, ""upper"": 537.6, ""lower"": 469.71}, {""date"": ""2026-05-21"", ""price"": 502.36, ""upper"": 540.31, ""lower"": 464.4}, {""date"": ""2026-05-22"", ""price"": 501.06, ""upper"": 542.63, ""lower"": 459.48}, {""date"": ""2026-05-23"", ""price"": 510.02, ""upper"": 554.92, ""lower"": 465.11}, {""date"": ""2026-05-25"", ""price"": 514.38, ""upper"": 562.39, ""lower"": 466.38}, {""date"": ""2026-05-26"", ""price"": 511.75, ""upper"": 562.67, ""lower"": 460.84}, {""date"": ""2026-05-28"", ""price"": 514.85, ""upper"": 568.52, ""lower"": 461.18}, {""date"": ""2026-05-29"", ""price"": 512.25, ""upper"": 568.55, ""lower"": 455.96}, {""date"": ""2026-05-30"", ""price"": 509.64, ""upper"": 568.44, ""lower"": 450.85}, {""date"": ""2026-06-01"", ""price"": 511.04, ""upper"": 572.23, ""lower"": 449.84}, {""date"": ""2026-06-02"", ""price"": 500.24, ""upper"": 563.75, ""lower"": 436.73}, {""date"": ""2026-06-04"", ""price"": 490.51, ""upper"": 556.24, ""lower"": 424.77}, {""date"": ""2026-06-05"", ""price"": 487.35, ""upper"": 555.24, ""lower"": 419.46}, {""date"": ""2026-06-06"", ""price"": 481.65, ""upper"": 551.63, ""lower"": 411.67}, {""date"": ""2026-06-08"", ""price"": 483.45, ""upper"": 555.46, ""lower"": 411.44}, {""date"": ""2026-06-09"", ""price"": 478.34, ""upper"": 552.32, ""lower"": 404.36}, {""date"": ""2026-06-11"", ""price"": 470.37, ""upper"": 546.28, ""lower"": 394.47}, {""date"": ""2026-06-12"", ""price"": 478.69, ""upper"": 556.47, ""lower"": 400.91}, {""date"": ""2026-06-13"", ""price"": 477.44, ""upper"": 557.05, ""lower"": 397.83}, {""date"": ""2026-06-15"", ""price"": 477.85, ""upper"": 559.24, ""lower"": 396.45}, {""date"": ""2026-06-16"", ""price"": 469.81, ""upper"": 552.96, ""lower"": 386.66}, {""date"": ""2026-06-18"", ""price"": 466.76, ""upper"": 551.62, ""lower"": 381.89}, {""date"": ""2026-06-19"", ""price"": 467.41, ""upper"": 553.95, ""lower"": 380.87}, {""date"": ""2026-06-20"", ""price"": 460.92, ""upper"": 549.12, ""lower"": 372.73}, {""date"": ""2026-06-22"", ""price"": 463.07, ""upper"": 552.89, ""lower"": 373.26}, {""date"": ""2026-06-23"", ""price"": 459.7, ""upper"": 551.1, ""lower"": 368.3}, {""date"": ""2026-06-25"", ""price"": 458.08, ""upper"": 551.04, ""lower"": 365.11}]"
MRK,Healthcare,112.67,hold,0.54,0.1564,112.8462,UP,"[{""date"": ""2026-05-14"", ""price"": 112.67, ""upper"": 112.67, ""lower"": 112.67}, {""date"": ""2026-05-15"", ""price"": 113.33, ""upper"": 117.3, ""lower"": 109.36}, {""date"": ""2026-05-16"", ""price"": 113.16, ""upper"": 118.77, ""lower"": 107.54}, {""date"": ""2026-05-18"", ""price"": 114.02, ""upper"": 120.9, ""lower"": 107.14}, {""date"": ""2026-05-19"", ""price"": 116.04, ""upper"": 123.98, ""lower"": 108.1}, {""date"": ""2026-05-21"", ""price"": 115.74, ""upper"": 124.62, ""lower"": 106.86}, {""date"": ""2026-05-22"", ""price"": 115.43, ""upper"": 125.16, ""lower"": 105.71}, {""date"": ""2026-05-23"", ""price"": 117.53, ""upper"": 128.04, ""lower"": 107.02}, {""date"": ""2026-05-25"", ""price"": 118.55, ""upper"": 129.78, ""lower"": 107.32}, {""date"": ""2026-05-26"", ""price"": 117.94, ""upper"": 129.85, ""lower"": 106.02}, {""date"": ""2026-05-28"", ""price"": 118.66, ""upper"": 131.22, ""lower"": 106.1}, {""date"": ""2026-05-29"", ""price"": 118.05, ""upper"": 131.22, ""lower"": 104.88}, {""date"": ""2026-05-30"", ""price"": 117.44, ""upper"": 131.2, ""lower"": 103.68}, {""date"": ""2026-06-01"", ""price"": 117.77, ""upper"": 132.09, ""lower"": 103.45}, {""date"": ""2026-06-02"", ""price"": 115.24, ""upper"": 130.1, ""lower"": 100.38}, {""date"": ""2026-06-04"", ""price"": 112.96, ""upper"": 128.34, ""lower"": 97.58}, {""date"": ""2026-06-05"", ""price"": 112.23, ""upper"": 128.11, ""lower"": 96.34}, {""date"": ""2026-06-06"", ""price"": 110.89, ""upper"": 127.26, ""lower"": 94.52}, {""date"": ""2026-06-08"", ""price"": 111.31, ""upper"": 128.16, ""lower"": 94.46}, {""date"": ""2026-06-09"", ""price"": 110.12, ""upper"": 127.43, ""lower"": 92.81}, {""date"": ""2026-06-11"", ""price"": 108.25, ""upper"": 126.01, ""lower"": 90.49}, {""date"": ""2026-06-12"", ""price"": 110.2, ""upper"": 128.4, ""lower"": 92.0}, {""date"": ""2026-06-13"", ""price"": 109.91, ""upper"": 128.53, ""lower"": 91.28}, {""date"": ""2026-06-15"", ""price"": 110.0, ""upper"": 129.05, ""lower"": 90.95}, {""date"": ""2026-06-16"", ""price"": 108.12, ""upper"": 127.58, ""lower"": 88.66}, {""date"": ""2026-06-18"", ""price"": 107.41, ""upper"": 127.26, ""lower"": 87.55}, {""date"": ""2026-06-19"", ""price"": 107.56, ""upper"": 127.81, ""lower"": 87.31}, {""date"": ""2026-06-20"", ""price"": 106.04, ""upper"": 126.68, ""lower"": 85.4}, {""date"": ""2026-06-22"", ""price"": 106.54, ""upper"": 127.56, ""lower"": 85.53}, {""date"": ""2026-06-23"", ""price"": 105.75, ""upper"": 127.14, ""lower"": 84.37}, {""date"": ""2026-06-25"", ""price"": 105.37, ""upper"": 127.13, ""lower"": 83.62}]"
PEP,Staples,148.79,hold,0.5659,0.1564,149.0227,UP,"[{""date"": ""2026-05-14"", ""price"": 148.79, ""upper"": 148.79, ""lower"": 148.79}, {""date"": ""2026-05-15"", ""price"": 149.61, ""upper"": 154.51, ""lower"": 144.71}, {""date"": ""2026-05-16"", ""price"": 149.39, ""upper"": 156.32, ""lower"": 142.46}, {""date"": ""2026-05-18"", ""price"": 150.46, ""upper"": 158.95, ""lower"": 141.97}, {""date"": ""2026-05-19"", ""price"": 152.95, ""upper"": 162.76, ""lower"": 143.15}, {""date"": ""2026-05-21"", ""price"": 152.58, ""upper"": 163.54, ""lower"": 141.62}, {""date"": ""2026-05-22"", ""price"": 152.2, ""upper"": 164.21, ""lower"": 140.2}, {""date"": ""2026-05-23"", ""price"": 154.79, ""upper"": 167.76, ""lower"": 141.82}, {""date"": ""2026-05-25"", ""price"": 156.06, ""upper"": 169.92, ""lower"": 142.19}, {""date"": ""2026-05-26"", ""price"": 155.3, ""upper"": 170.0, ""lower"": 140.59}, {""date"": ""2026-05-28"", ""price"": 156.19, ""upper"": 171.69, ""lower"": 140.69}, {""date"": ""2026-05-29"", ""price"": 155.44, ""upper"": 171.7, ""lower"": 139.18}, {""date"": ""2026-05-30"", ""price"": 154.69, ""upper"": 171.67, ""lower"": 137.7}, {""date"": ""2026-06-01"", ""price"": 155.09, ""upper"": 172.77, ""lower"": 137.41}, {""date"": ""2026-06-02"", ""price"": 151.97, ""upper"": 170.32, ""lower"": 133.63}, {""date"": ""2026-06-04"", ""price"": 149.16, ""upper"": 168.15, ""lower"": 130.17}, {""date"": ""2026-06-05"", ""price"": 148.25, ""upper"": 167.86, ""lower"": 128.64}, {""date"": ""2026-06-06"", ""price"": 146.6, ""upper"": 166.82, ""lower"": 126.39}, {""date"": ""2026-06-08"", ""price"": 147.12, ""upper"": 167.92, ""lower"": 126.32}, {""date"": ""2026-06-09"", ""price"": 145.65, ""upper"": 167.02, ""lower"": 124.28}, {""date"": ""2026-06-11"", ""price"": 143.35, ""upper"": 165.27, ""lower"": 121.42}, {""date"": ""2026-06-12"", ""price"": 145.75, ""upper"": 168.22, ""lower"": 123.28}, {""date"": ""2026-06-13"", ""price"": 145.39, ""upper"": 168.38, ""lower"": 122.39}, {""date"": ""2026-06-15"", ""price"": 145.51, ""upper"": 169.02, ""lower"": 121.99}, {""date"": ""2026-06-16"", ""price"": 143.19, ""upper"": 167.2, ""lower"": 119.17}, {""date"": ""2026-06-18"", ""price"": 142.3, ""upper"": 166.82, ""lower"": 117.79}, {""date"": ""2026-06-19"", ""price"": 142.49, ""upper"": 167.49, ""lower"": 117.49}, {""date"": ""2026-06-20"", ""price"": 140.62, ""upper"": 166.09, ""lower"": 115.14}, {""date"": ""2026-06-22"", ""price"": 141.24, ""upper"": 167.18, ""lower"": 115.3}, {""date"": ""2026-06-23"", ""price"": 140.27, ""upper"": 166.67, ""lower"": 113.87}, {""date"": ""2026-06-25"", ""price"": 139.8, ""upper"": 166.65, ""lower"": 112.94}]"
PG,Staples,143.23,hold,0.58,0.1564,143.454,UP,"[{""date"": ""2026-05-14"", ""price"": 143.23, ""upper"": 143.23, ""lower"": 143.23}, {""date"": ""2026-05-15"", ""price"": 143.96, ""upper"": 148.36, ""lower"": 139.57}, {""date"": ""2026-05-16"", ""price"": 143.77, ""upper"": 149.98, ""lower"": 137.56}, {""date"": ""2026-05-18"", ""price"": 144.73, ""upper"": 152.34, ""lower"": 137.12}, {""date"": ""2026-05-19"", ""price"": 146.96, ""upper"": 155.75, ""lower"": 138.18}, {""date"": ""2026-05-21"", ""price"": 146.63, ""upper"": 156.45, ""lower"": 136.8}, {""date"": ""2026-05-22"", ""price"": 146.29, ""upper"": 157.06, ""lower"": 135.53}, {""date"": ""2026-05-23"", ""price"": 148.61, ""upper"": 160.24, ""lower"": 136.99}, {""date"": ""2026-05-25"", ""price"": 149.74, ""upper"": 162.17, ""lower"": 137.32}, {""date"": ""2026-05-26"", ""price"": 149.06, ""upper"": 162.25, ""lower"": 135.88}, {""date"": ""2026-05-28"", ""price"": 149.87, ""upper"": 163.76, ""lower"": 135.97}, {""date"": ""2026-05-29"", ""price"": 149.2, ""upper"": 163.77, ""lower"": 134.62}, {""date"": ""2026-05-30"", ""price"": 148.52, ""upper"": 163.74, ""lower"": 133.3}, {""date"": ""2026-06-01"", ""price"": 148.88, ""upper"": 164.72, ""lower"": 133.04}, {""date"": ""2026-06-02"", ""price"": 146.09, ""upper"": 162.53, ""lower"": 129.65}, {""date"": ""2026-06-04"", ""price"": 143.57, ""upper"": 160.59, ""lower"": 126.55}, {""date"": ""2026-06-05"", ""price"": 142.75, ""upper"": 160.33, ""lower"": 125.18}, {""date"": ""2026-06-06"", ""price"": 141.28, ""upper"": 159.39, ""lower"": 123.16}, {""date"": ""2026-06-08"", ""price"": 141.75, ""upper"": 160.39, ""lower"": 123.1}, {""date"": ""2026-06-09"", ""price"": 140.42, ""upper"": 159.57, ""lower"": 121.27}, {""date"": ""2026-06-11"", ""price"": 138.36, ""upper"": 158.01, ""lower"": 118.71}, {""date"": ""2026-06-12"", ""price"": 140.52, ""upper"": 160.65, ""lower"": 120.38}, {""date"": ""2026-06-13"", ""price"": 140.19, ""upper"": 160.8, ""lower"": 119.58}, {""date"": ""2026-06-15"", ""price"": 140.3, ""upper"": 161.37, ""lower"": 119.23}, {""date"": ""2026-06-16"", ""price"": 138.22, ""upper"": 159.74, ""lower"": 116.7}, {""date"": ""2026-06-18"", ""price"": 137.43, ""upper"": 159.4, ""lower"": 115.46}, {""date"": ""2026-06-19"", ""price"": 137.6, ""upper"": 160.0, ""lower"": 115.2}, {""date"": ""2026-06-20"", ""price"": 135.92, ""upper"": 158.75, ""lower"": 113.09}, {""date"": ""2026-06-22"", ""price"": 136.48, ""upper"": 159.73, ""lower"": 113.23}, {""date"": ""2026-06-23"", ""price"": 135.61, ""upper"": 159.27, ""lower"": 111.95}, {""date"": ""2026-06-25"", ""price"": 135.19, ""upper"": 159.25, ""lower"": 111.12}]"
UNH,Healthcare,398.885,hold,0.524,0.1564,399.5089,UP,"[{""date"": ""2026-05-14"", ""price"": 398.89, ""upper"": 398.89, ""lower"": 398.89}, {""date"": ""2026-05-15"", ""price"": 401.22, ""upper"": 415.23, ""lower"": 387.22}, {""date"": ""2026-05-16"", ""price"": 400.6, ""upper"": 420.4, ""lower"": 380.8}, {""date"": ""2026-05-18"", ""price"": 403.64, ""upper"": 427.9, ""lower"": 379.39}, {""date"": ""2026-05-19"", ""price"": 410.77, ""upper"": 438.78, ""lower"": 382.77}, {""date"": ""2026-05-21"", ""price"": 409.7, ""upper"": 441.01, ""lower"": 378.39}, {""date"": ""2026-05-22"", ""price"": 408.63, ""upper"": 442.93, ""lower"": 374.33}, {""date"": ""2026-05-23"", ""price"": 416.02, ""upper"": 453.07, ""lower"": 378.97}, {""date"": ""2026-05-25"", ""price"": 419.62, ""upper"": 459.23, ""lower"": 380.02}, {""date"": ""2026-05-26"", ""price"": 417.45, ""upper"": 459.46, ""lower"": 375.45}, {""date"": ""2026-05-28"", ""price"": 420.01, ""upper"": 464.28, ""lower"": 375.73}, {""date"": ""2026-05-29"", ""price"": 417.86, ""upper"": 464.3, ""lower"": 371.42}, {""date"": ""2026-05-30"", ""price"": 415.71, ""upper"": 464.22, ""lower"": 367.21}, {""date"": ""2026-06-01"", ""price"": 416.86, ""upper"": 467.35, ""lower"": 366.38}, {""date"": ""2026-06-02"", ""price"": 407.95, ""upper"": 460.34, ""lower"": 355.56}, {""date"": ""2026-06-04"", ""price"": 399.92, ""upper"": 454.15, ""lower"": 345.69}, {""date"": ""2026-06-05"", ""price"": 397.32, ""upper"": 453.33, ""lower"": 341.31}, {""date"": ""2026-06-06"", ""price"": 392.61, ""upper"": 450.34, ""lower"": 334.88}, {""date"": ""2026-06-08"", ""price"": 394.1, ""upper"": 453.5, ""lower"": 334.69}, {""date"": ""2026-06-09"", ""price"": 389.88, ""upper"": 450.92, ""lower"": 328.85}, {""date"": ""2026-06-11"", ""price"": 383.31, ""upper"": 445.93, ""lower"": 320.69}, {""date"": ""2026-06-12"", ""price"": 390.17, ""upper"": 454.34, ""lower"": 326.01}, {""date"": ""2026-06-13"", ""price"": 389.14, ""upper"": 454.81, ""lower"": 323.46}, {""date"": ""2026-06-15"", ""price"": 389.48, ""upper"": 456.63, ""lower"": 322.32}, {""date"": ""2026-06-16"", ""price"": 382.85, ""upper"": 451.44, ""lower"": 314.25}, {""date"": ""2026-06-18"", ""price"": 380.33, ""upper"": 450.34, ""lower"": 310.32}, {""date"": ""2026-06-19"", ""price"": 380.86, ""upper"": 452.26, ""lower"": 309.47}, {""date"": ""2026-06-20"", ""price"": 375.51, ""upper"": 448.27, ""lower"": 302.76}, {""date"": ""2026-06-22"", ""price"": 377.29, ""upper"": 451.38, ""lower"": 303.2}, {""date"": ""2026-06-23"", ""price"": 374.51, ""upper"": 449.91, ""lower"": 299.1}, {""date"": ""2026-06-25"", ""price"": 373.16, ""upper"": 449.86, ""lower"": 296.47}]"
V,Financial,321.105,hold,0.5066,0.1564,321.6073,DOWN,"[{""date"": ""2026-05-14"", ""price"": 321.11, ""upper"": 321.11, ""lower"": 321.11}, {""date"": ""2026-05-15"", ""price"": 322.77, ""upper"": 332.75, ""lower"": 312.79}, {""date"": ""2026-05-16"", ""price"": 322.33, ""upper"": 336.45, ""lower"": 308.22}, {""date"": ""2026-05-18"", ""price"": 324.5, ""upper"": 341.79, ""lower"": 307.22}, {""date"": ""2026-05-19"", ""price"": 329.59, ""upper"": 349.55, ""lower"": 309.63}, {""date"": ""2026-05-21"", ""price"": 328.82, ""upper"": 351.14, ""lower"": 306.51}, {""date"": ""2026-05-22"", ""price"": 328.06, ""upper"": 352.51, ""lower"": 303.62}, {""date"": ""2026-05-23"", ""price"": 333.33, ""upper"": 359.74, ""lower"": 306.93}, {""date"": ""2026-05-25"", ""price"": 335.9, ""upper"": 364.13, ""lower"": 307.67}, {""date"": ""2026-05-26"", ""price"": 334.36, ""upper"": 364.3, ""lower"": 304.42}, {""date"": ""2026-05-28"", ""price"": 336.18, ""upper"": 367.74, ""lower"": 304.62}, {""date"": ""2026-05-29"", ""price"": 334.65, ""upper"": 367.75, ""lower"": 301.55}, {""date"": ""2026-05-30"", ""price"": 333.12, ""upper"": 367.69, ""lower"": 298.55}, {""date"": ""2026-06-01"", ""price"": 333.94, ""upper"": 369.93, ""lower"": 297.96}, {""date"": ""2026-06-02"", ""price"": 327.59, ""upper"": 364.94, ""lower"": 290.25}, {""date"": ""2026-06-04"", ""price"": 321.87, ""upper"": 360.53, ""lower"": 283.22}, {""date"": ""2026-06-05"", ""price"": 320.02, ""upper"": 359.94, ""lower"": 280.1}, {""date"": ""2026-06-06"", ""price"": 316.67, ""upper"": 357.82, ""lower"": 275.52}, {""date"": ""2026-06-08"", ""price"": 317.73, ""upper"": 360.07, ""lower"": 275.39}, {""date"": ""2026-06-09"", ""price"": 314.72, ""upper"": 358.23, ""lower"": 271.22}, {""date"": ""2026-06-11"", ""price"": 310.04, ""upper"": 354.68, ""lower"": 265.41}, {""date"": ""2026-06-12"", ""price"": 314.94, ""upper"": 360.67, ""lower"": 269.2}, {""date"": ""2026-06-13"", ""price"": 314.2, ""upper"": 361.01, ""lower"": 267.39}, {""date"": ""2026-06-15"", ""price"": 314.44, ""upper"": 362.31, ""lower"": 266.58}, {""date"": ""2026-06-16"", ""price"": 309.72, ""upper"": 358.61, ""lower"": 260.83}, {""date"": ""2026-06-18"", ""price"": 307.92, ""upper"": 357.83, ""lower"": 258.02}, {""date"": ""2026-06-19"", ""price"": 308.31, ""upper"": 359.2, ""lower"": 257.42}, {""date"": ""2026-06-20"", ""price"": 304.5, ""upper"": 356.36, ""lower"": 252.64}, {""date"": ""2026-06-22"", ""price"": 305.76, ""upper"": 358.58, ""lower"": 252.95}, {""date"": ""2026-06-23"", ""price"": 303.78, ""upper"": 357.53, ""lower"": 250.04}, {""date"": ""2026-06-25"", ""price"": 302.83, ""upper"": 357.49, ""lower"": 248.17}]"
BRK-B,Financial,483.4229,hold,0.5426,0.1564,484.1791,DOWN,"[{""date"": ""2026-05-14"", ""price"": 483.42, ""upper"": 483.42, ""lower"": 483.42}, {""date"": ""2026-05-15"", ""price"": 485.08, ""upper"": 494.92, ""lower"": 475.23}, {""date"": ""2026-05-16"", ""price"": 484.65, ""upper"": 498.57, ""lower"": 470.73}, {""date"": ""2026-05-18"", ""price"": 486.8, ""upper"": 503.85, ""lower"": 469.75}, {""date"": ""2026-05-19"", ""price"": 491.82, ""upper"": 511.51, ""lower"": 472.13}, {""date"": ""2026-05-21"", ""price"": 491.08, ""upper"": 513.09, ""lower"": 469.07}, {""date"": ""2026-05-22"", ""price"": 490.34, ""upper"": 514.45, ""lower"": 466.22}, {""date"": ""2026-05-23"", ""price"": 495.54, ""upper"": 521.59, ""lower"": 469.5}, {""date"": ""2026-05-25"", ""price"": 498.09, ""upper"": 525.93, ""lower"": 470.24}, {""date"": ""2026-05-26"", ""price"": 496.57, ""upper"": 526.11, ""lower"": 467.04}, {""date"": ""2026-05-28"", ""price"": 498.38, ""upper"": 529.51, ""lower"": 467.25}, {""date"": ""2026-05-29"", ""price"": 496.88, ""upper"": 529.53, ""lower"": 464.23}, {""date"": ""2026-05-30"", ""price"": 495.38, ""upper"": 529.48, ""lower"": 461.28}, {""date"": ""2026-06-01"", ""price"": 496.2, ""upper"": 531.7, ""lower"": 460.7}, {""date"": ""2026-06-02"", ""price"": 489.95, ""upper"": 526.78, ""lower"": 453.11}, {""date"": ""2026-06-04"", ""price"": 484.31, ""upper"": 522.44, ""lower"": 446.18}, {""date"": ""2026-06-05"", ""price"": 482.49, ""upper"": 521.87, ""lower"": 443.11}, {""date"": ""2026-06-06"", ""price"": 479.19, ""upper"": 519.78, ""lower"": 438.6}, {""date"": ""2026-06-08"", ""price"": 480.25, ""upper"": 522.02, ""lower"": 438.48}, {""date"": ""2026-06-09"", ""price"": 477.29, ""upper"": 520.21, ""lower"": 434.38}, {""date"": ""2026-06-11"", ""price"": 472.68, ""upper"": 516.71, ""lower"": 428.66}, {""date"": ""2026-06-12"", ""price"": 477.52, ""upper"": 522.63, ""lower"": 432.4}, {""date"": ""2026-06-13"", ""price"": 476.8, ""upper"": 522.98, ""lower"": 430.63}, {""date"": ""2026-06-15"", ""price"": 477.05, ""upper"": 524.26, ""lower"": 429.84}, {""date"": ""2026-06-16"", ""price"": 472.4, ""upper"": 520.63, ""lower"": 424.17}, {""date"": ""2026-06-18"", ""price"": 470.64, ""upper"": 519.86, ""lower"": 421.41}, {""date"": ""2026-06-19"", ""price"": 471.03, ""upper"": 521.23, ""lower"": 420.83}, {""date"": ""2026-06-20"", ""price"": 467.28, ""upper"": 518.43, ""lower"": 416.12}, {""date"": ""2026-06-22"", ""price"": 468.53, ""upper"": 520.63, ""lower"": 416.44}, {""date"": ""2026-06-23"", ""price"": 466.59, ""upper"": 519.6, ""lower"": 413.57}, {""date"": ""2026-06-25"", ""price"": 465.66, ""upper"": 519.58, ""lower"": 411.73}]"
